{
    "-1": {
        "precision": 0.8111801242236025,
        "recall": 0.7815679233991621,
        "f1-score": 0.7960987503809814,
        "support": 1671.0
    },
    "0": {
        "precision": 0.8595098377632033,
        "recall": 0.9625048318515655,
        "f1-score": 0.9080962800875274,
        "support": 2587.0
    },
    "1": {
        "precision": 0.9105890603085554,
        "recall": 0.837471783295711,
        "f1-score": 0.8725012598689736,
        "support": 3101.0
    },
    "accuracy": 0.8687321646962902,
    "macro avg": {
        "precision": 0.8604263407651205,
        "recall": 0.8605148461821462,
        "f1-score": 0.8588987634458275,
        "support": 7359.0
    },
    "weighted avg": {
        "precision": 0.8700598741524496,
        "recall": 0.8687321646962902,
        "f1-score": 0.8676657827594428,
        "support": 7359.0
    }
}